{"stats":{"minecraft:picked_up":{"minecraft:flint":5,"minecraft:gravel":1},"minecraft:dropped":{"minecraft:flint":4},"minecraft:mined":{"minecraft:gravel":2},"minecraft:custom":{"minecraft:jump":25,"minecraft:time_since_rest":4074,"minecraft:crouch_one_cm":1306,"minecraft:leave_game":1,"minecraft:sprint_one_cm":607,"minecraft:play_time":4074,"minecraft:time_since_death":4074,"minecraft:walk_one_cm":3169,"minecraft:sneak_time":349,"minecraft:total_world_time":4074,"minecraft:drop":4,"minecraft:fly_one_cm":1345},"minecraft:used":{"minecraft:gravel":1}},"DataVersion":3120}